Culture_ID,Project_Specific_Culture_ID,Sample_ID,Culture_Date,Cultured_By,Project_Code,DNA_Location,Media_Cultured,sequenced,OTU,OTU.num,contig.name,BLAST_ITS-LSU
,C13-2-13,C-103-L2-T1,2022.10.21,JAB,CornDebrisFungicide,,MEA+Tet+Strepto,yes-pt2,OTU15,15,C13-2-13,
,C13-2-4,C-103-L2-T1,2022.10.21,JAB,CornDebrisFungicide,,MEA+Tet+Strepto,yes-pt1,OTU16,16,C13-2-4,
,C14-3-12,C-104-L3-T1,2022.10.21,JAB,CornDebrisFungicide,,MEA+Tet+Strepto,yes-pt1,OTU17,17,C14-3-12,
,C27-1-7,C-207-L1-T1,2022.10.21,JAB,CornDebrisFungicide,,MEA+Tet+Strepto,yes-pt1,OTU18,18,C27-1-7,
,C28-1-19,C-208-L1-T1,2022.10.24,JAB,CornDebrisFungicide,,MEA+Tet+Strepto,yes-pt1,OTU19,19,C28-1-19,
,C28-2-17,C-208-L2-T1,2022.10.24,JAB,CornDebrisFungicide,,MEA+Tet+Strepto,yes-pt1,OTU20,20,C28-2-17,
,C33-1-10,C-303-L1-T1,2022.10.26,JAB,CornDebrisFungicide,,MEA+Tet+Strepto,yes-pt1,OTU21,21,C33-1-10,
,C33-2-6,C-303-L2-T1,2022.10.26,JAB,CornDebrisFungicide,,MEA+Tet+Strepto,yes-pt1,OTU22,22,C33-2-6,
,C33-3-7,C-303-L3-T1,2022.10.26,JAB,CornDebrisFungicide,,MEA+Tet+Strepto,yes-pt1,OTU23,23,C33-3-7,
,C37-1-9,C-307-L1-T1,2022.10.26,JAB,CornDebrisFungicide,,MEA+Tet+Strepto,yes-pt2,OTU24,24,C37-1-9,
,C37-3-2,C-307-L3-T1,2022.10.26,JAB,CornDebrisFungicide,,MEA+Tet+Strepto,yes-pt1,OTU25,25,C37-3-2,
,C13-1-1,C-103-L1-T1,2022.10.21,JAB,CornDebrisFungicide,,MEA+Tet+Strepto,yes-pt1,OTU1,1,Contig1,Alternaria
,C13-1-10,C-103-L1-T1,2022.10.21,JAB,CornDebrisFungicide,,MEA+Tet+Strepto,yes-pt1,OTU1,1,Contig1,Alternaria
,C13-1-11,C-103-L1-T1,2022.10.21,JAB,CornDebrisFungicide,,MEA+Tet+Strepto,yes-pt1,OTU1,1,Contig1,Alternaria
,C13-1-13,C-103-L1-T1,2022.10.21,JAB,CornDebrisFungicide,,MEA+Tet+Strepto,yes-pt1,OTU1,1,Contig1,Alternaria
,C13-1-17,C-103-L1-T1,2022.10.21,JAB,CornDebrisFungicide,,MEA+Tet+Strepto,yes-pt1,OTU1,1,Contig1,Alternaria
,C13-1-2,C-103-L1-T1,2022.10.21,JAB,CornDebrisFungicide,,MEA+Tet+Strepto,yes-pt1,OTU1,1,Contig1,Alternaria
,C13-1-3,C-103-L1-T1,2022.10.21,JAB,CornDebrisFungicide,,MEA+Tet+Strepto,yes-pt1,OTU1,1,Contig1,Alternaria
,C13-1-6,C-103-L1-T1,2022.10.21,JAB,CornDebrisFungicide,,MEA+Tet+Strepto,yes-pt1,OTU1,1,Contig1,Alternaria
,C13-1-9,C-103-L1-T1,2022.10.21,JAB,CornDebrisFungicide,,MEA+Tet+Strepto,yes-pt1,OTU1,1,Contig1,Alternaria
,C13-2-10,C-103-L2-T1,2022.10.21,JAB,CornDebrisFungicide,,MEA+Tet+Strepto,yes-pt1,OTU1,1,Contig1,Alternaria
,C13-2-12,C-103-L2-T1,2022.10.21,JAB,CornDebrisFungicide,,MEA+Tet+Strepto,yes-pt2,OTU1,1,Contig1,Alternaria
,C13-2-14,C-103-L2-T1,2022.10.21,JAB,CornDebrisFungicide,,MEA+Tet+Strepto,yes-pt1,OTU1,1,Contig1,Alternaria
,C13-2-2,C-103-L2-T1,2022.10.21,JAB,CornDebrisFungicide,,MEA+Tet+Strepto,yes-pt1,OTU1,1,Contig1,Alternaria
,C13-2-3,C-103-L2-T1,2022.10.21,JAB,CornDebrisFungicide,,MEA+Tet+Strepto,yes-pt1,OTU1,1,Contig1,Alternaria
,C13-2-5,C-103-L2-T1,2022.10.21,JAB,CornDebrisFungicide,,MEA+Tet+Strepto,yes-pt1,OTU1,1,Contig1,Alternaria
,C13-2-8,C-103-L2-T1,2022.10.21,JAB,CornDebrisFungicide,,MEA+Tet+Strepto,yes-pt1,OTU1,1,Contig1,Alternaria
,C13-3-1,C-103-L3-T1,2022.10.21,JAB,CornDebrisFungicide,,MEA+Tet+Strepto,yes-pt2,OTU1,1,Contig1,Alternaria
,C13-3-2,C-103-L3-T1,2022.10.21,JAB,CornDebrisFungicide,,MEA+Tet+Strepto,yes-pt2,OTU1,1,Contig1,Alternaria
,C13-3-5,C-103-L3-T1,2022.10.21,JAB,CornDebrisFungicide,,MEA+Tet+Strepto,yes-pt1,OTU1,1,Contig1,Alternaria
,C13-3-6,C-103-L3-T1,2022.10.21,JAB,CornDebrisFungicide,,MEA+Tet+Strepto,yes-pt1,OTU1,1,Contig1,Alternaria
,C14-1-1,C-104-L1-T1,2022.10.21,JAB,CornDebrisFungicide,,MEA+Tet+Strepto,yes-pt2,OTU1,1,Contig1,Alternaria
,C14-1-10,C-104-L1-T1,2022.10.21,JAB,CornDebrisFungicide,,MEA+Tet+Strepto,yes-pt2,OTU1,1,Contig1,Alternaria
,C14-1-11,C-104-L1-T1,2022.10.21,JAB,CornDebrisFungicide,,MEA+Tet+Strepto,yes-pt1,OTU1,1,Contig1,Alternaria
,C14-1-13,C-104-L1-T1,2022.10.21,JAB,CornDebrisFungicide,,MEA+Tet+Strepto,yes-pt1,OTU1,1,Contig1,Alternaria
,C14-1-14,C-104-L1-T1,2022.10.21,JAB,CornDebrisFungicide,,MEA+Tet+Strepto,yes-pt1,OTU1,1,Contig1,Alternaria
,C14-1-15,C-104-L1-T1,2022.10.21,JAB,CornDebrisFungicide,,MEA+Tet+Strepto,yes-pt1,OTU1,1,Contig1,Alternaria
,C14-1-16,C-104-L1-T1,2022.10.21,JAB,CornDebrisFungicide,,MEA+Tet+Strepto,yes-pt3,OTU1,1,Contig1,Alternaria
,C14-1-3,C-104-L1-T1,2022.10.21,JAB,CornDebrisFungicide,,MEA+Tet+Strepto,yes-pt1,OTU1,1,Contig1,Alternaria
,C14-1-4,C-104-L1-T1,2022.10.21,JAB,CornDebrisFungicide,,MEA+Tet+Strepto,yes-pt1,OTU1,1,Contig1,Alternaria
,C14-1-8,C-104-L1-T1,2022.10.21,JAB,CornDebrisFungicide,,MEA+Tet+Strepto,yes-pt1,OTU1,1,Contig1,Alternaria
,C14-2-1,C-104-L2-T1,2022.10.21,JAB,CornDebrisFungicide,,MEA+Tet+Strepto,yes-pt1,OTU1,1,Contig1,Alternaria
,C14-2-11,C-104-L2-T1,2022.10.21,JAB,CornDebrisFungicide,,MEA+Tet+Strepto,yes-pt1,OTU1,1,Contig1,Alternaria
,C14-2-13,C-104-L2-T1,2022.10.21,JAB,CornDebrisFungicide,,MEA+Tet+Strepto,yes-pt1,OTU1,1,Contig1,Alternaria
,C14-2-2,C-104-L2-T1,2022.10.21,JAB,CornDebrisFungicide,,MEA+Tet+Strepto,yes-pt1,OTU1,1,Contig1,Alternaria
,C14-2-4,C-104-L2-T1,2022.10.21,JAB,CornDebrisFungicide,,MEA+Tet+Strepto,yes-pt1,OTU1,1,Contig1,Alternaria
,C14-2-5,C-104-L2-T1,2022.10.21,JAB,CornDebrisFungicide,,MEA+Tet+Strepto,yes-pt1,OTU1,1,Contig1,Alternaria
,C14-2-6,C-104-L2-T1,2022.10.21,JAB,CornDebrisFungicide,,MEA+Tet+Strepto,yes-pt1,OTU1,1,Contig1,Alternaria
,C14-2-7,C-104-L2-T1,2022.10.21,JAB,CornDebrisFungicide,,MEA+Tet+Strepto,yes-pt1,OTU1,1,Contig1,Alternaria
,C14-2-8,C-104-L2-T1,2022.10.21,JAB,CornDebrisFungicide,,MEA+Tet+Strepto,yes-pt1,OTU1,1,Contig1,Alternaria
,C14-2-9,C-104-L2-T1,2022.10.21,JAB,CornDebrisFungicide,,MEA+Tet+Strepto,yes-pt1,OTU1,1,Contig1,Alternaria
,C14-3-1,C-104-L3-T1,2022.10.21,JAB,CornDebrisFungicide,,MEA+Tet+Strepto,yes-pt1,OTU1,1,Contig1,Alternaria
,C14-3-10,C-104-L3-T1,2022.10.21,JAB,CornDebrisFungicide,,MEA+Tet+Strepto,yes-pt1,OTU1,1,Contig1,Alternaria
,C14-3-11,C-104-L3-T1,2022.10.21,JAB,CornDebrisFungicide,,MEA+Tet+Strepto,yes-pt1,OTU1,1,Contig1,Alternaria
,C14-3-15,C-104-L3-T1,2022.10.21,JAB,CornDebrisFungicide,,MEA+Tet+Strepto,yes-pt1,OTU1,1,Contig1,Alternaria
,C14-3-16,C-104-L3-T1,2022.10.21,JAB,CornDebrisFungicide,,MEA+Tet+Strepto,yes-pt1,OTU1,1,Contig1,Alternaria
,C14-3-17,C-104-L3-T1,2022.10.21,JAB,CornDebrisFungicide,,MEA+Tet+Strepto,yes-pt1,OTU1,1,Contig1,Alternaria
,C14-3-18,C-104-L3-T1,2022.10.21,JAB,CornDebrisFungicide,,MEA+Tet+Strepto,yes-pt1,OTU1,1,Contig1,Alternaria
,C14-3-2,C-104-L3-T1,2022.10.21,JAB,CornDebrisFungicide,,MEA+Tet+Strepto,yes-pt1,OTU1,1,Contig1,Alternaria
,C14-3-21,C-104-L3-T1,2022.10.21,JAB,CornDebrisFungicide,,MEA+Tet+Strepto,yes-pt2,OTU1,1,Contig1,Alternaria
,C14-3-3,C-104-L3-T1,2022.10.21,JAB,CornDebrisFungicide,,MEA+Tet+Strepto,yes-pt1,OTU1,1,Contig1,Alternaria
,C14-3-4,C-104-L3-T1,2022.10.21,JAB,CornDebrisFungicide,,MEA+Tet+Strepto,yes-pt1,OTU1,1,Contig1,Alternaria
,C14-3-7,C-104-L3-T1,2022.10.21,JAB,CornDebrisFungicide,,MEA+Tet+Strepto,yes-pt1,OTU1,1,Contig1,Alternaria
,C14-3-8,C-104-L3-T1,2022.10.21,JAB,CornDebrisFungicide,,MEA+Tet+Strepto,yes-pt1,OTU1,1,Contig1,Alternaria
,C14-3-9,C-104-L3-T1,2022.10.21,JAB,CornDebrisFungicide,,MEA+Tet+Strepto,yes-pt1,OTU1,1,Contig1,Alternaria
,C27-1-1,C-207-L1-T1,2022.10.21,JAB,CornDebrisFungicide,,MEA+Tet+Strepto,yes-pt2,OTU1,1,Contig1,Alternaria
,C27-1-11,C-207-L1-T1,2022.10.21,JAB,CornDebrisFungicide,,MEA+Tet+Strepto,yes-pt1,OTU1,1,Contig1,Alternaria
,C27-1-14,C-207-L1-T1,2022.10.21,JAB,CornDebrisFungicide,,MEA+Tet+Strepto,yes-pt1,OTU1,1,Contig1,Alternaria
,C27-1-16,C-207-L1-T1,2022.10.21,JAB,CornDebrisFungicide,,MEA+Tet+Strepto,yes-pt1,OTU1,1,Contig1,Alternaria
,C27-1-3,C-207-L1-T1,2022.10.21,JAB,CornDebrisFungicide,,MEA+Tet+Strepto,yes-pt2,OTU1,1,Contig1,Alternaria
,C27-1-4,C-207-L1-T1,2022.10.21,JAB,CornDebrisFungicide,,MEA+Tet+Strepto,yes-pt1,OTU1,1,Contig1,Alternaria
,C27-1-5,C-207-L1-T1,2022.10.21,JAB,CornDebrisFungicide,,MEA+Tet+Strepto,yes-pt1,OTU1,1,Contig1,Alternaria
,C27-1-6,C-207-L1-T1,2022.10.21,JAB,CornDebrisFungicide,,MEA+Tet+Strepto,yes-pt1,OTU1,1,Contig1,Alternaria
,C27-1-8,C-207-L1-T1,2022.10.21,JAB,CornDebrisFungicide,,MEA+Tet+Strepto,yes-pt3,OTU1,1,Contig1,Alternaria
,C27-2-11,C-207-L2-T1,2022.10.21,JAB,CornDebrisFungicide,,MEA+Tet+Strepto,yes-pt1,OTU1,1,Contig1,Alternaria
,C27-2-14,C-207-L2-T1,2022.10.21,JAB,CornDebrisFungicide,,MEA+Tet+Strepto,yes-pt1,OTU1,1,Contig1,Alternaria
,C27-2-15,C-207-L2-T1,2022.10.21,JAB,CornDebrisFungicide,,MEA+Tet+Strepto,yes-pt1,OTU1,1,Contig1,Alternaria
,C27-2-17,C-207-L2-T1,2022.10.21,JAB,CornDebrisFungicide,,MEA+Tet+Strepto,yes-pt1,OTU1,1,Contig1,Alternaria
,C27-2-19,C-207-L2-T1,2022.10.21,JAB,CornDebrisFungicide,,MEA+Tet+Strepto,yes-pt1,OTU1,1,Contig1,Alternaria
,C27-2-2,C-207-L2-T1,2022.10.21,JAB,CornDebrisFungicide,,MEA+Tet+Strepto,yes-pt1,OTU1,1,Contig1,Alternaria
,C27-2-20,C-207-L2-T1,2022.10.21,JAB,CornDebrisFungicide,,MEA+Tet+Strepto,yes-pt1,OTU1,1,Contig1,Alternaria
,C27-2-3,C-207-L2-T1,2022.10.21,JAB,CornDebrisFungicide,,MEA+Tet+Strepto,yes-pt1,OTU1,1,Contig1,Alternaria
,C27-2-6,C-207-L2-T1,2022.10.21,JAB,CornDebrisFungicide,,MEA+Tet+Strepto,yes-pt1,OTU1,1,Contig1,Alternaria
,C27-2-8,C-207-L2-T1,2022.10.21,JAB,CornDebrisFungicide,,MEA+Tet+Strepto,yes-pt1,OTU1,1,Contig1,Alternaria
,C27-2-9,C-207-L2-T1,2022.10.21,JAB,CornDebrisFungicide,,MEA+Tet+Strepto,yes-pt1,OTU1,1,Contig1,Alternaria
,C27-3-10,C-207-L3-T1,2022.10.21,JAB,CornDebrisFungicide,,MEA+Tet+Strepto,yes-pt1,OTU1,1,Contig1,Alternaria
,C27-3-11,C-207-L3-T1,2022.10.21,JAB,CornDebrisFungicide,,MEA+Tet+Strepto,yes-pt1,OTU1,1,Contig1,Alternaria
,C27-3-16,C-207-L3-T1,2022.10.21,JAB,CornDebrisFungicide,,MEA+Tet+Strepto,yes-pt1,OTU1,1,Contig1,Alternaria
,C27-3-18,C-207-L3-T1,2022.10.21,JAB,CornDebrisFungicide,,MEA+Tet+Strepto,yes-pt1,OTU1,1,Contig1,Alternaria
,C27-3-19,C-207-L3-T1,2022.10.21,JAB,CornDebrisFungicide,,MEA+Tet+Strepto,yes-pt1,OTU1,1,Contig1,Alternaria
,C27-3-21,C-207-L3-T1,2022.10.21,JAB,CornDebrisFungicide,,MEA+Tet+Strepto,yes-pt1,OTU1,1,Contig1,Alternaria
,C27-3-4,C-207-L3-T1,2022.10.21,JAB,CornDebrisFungicide,,MEA+Tet+Strepto,yes-pt1,OTU1,1,Contig1,Alternaria
,C27-3-6,C-207-L3-T1,2022.10.21,JAB,CornDebrisFungicide,,MEA+Tet+Strepto,yes-pt1,OTU1,1,Contig1,Alternaria
,C27-3-7,C-207-L3-T1,2022.10.21,JAB,CornDebrisFungicide,,MEA+Tet+Strepto,yes-pt1,OTU1,1,Contig1,Alternaria
,C27-3-9,C-207-L3-T1,2022.10.21,JAB,CornDebrisFungicide,,MEA+Tet+Strepto,yes-pt2,OTU1,1,Contig1,Alternaria
,C28-1-1,C-208-L1-T1,2022.10.24,JAB,CornDebrisFungicide,,MEA+Tet+Strepto,yes-pt1,OTU1,1,Contig1,Alternaria
,C28-1-14,C-208-L1-T1,2022.10.24,JAB,CornDebrisFungicide,,MEA+Tet+Strepto,yes-pt1,OTU1,1,Contig1,Alternaria
,C28-1-18,C-208-L1-T1,2022.10.24,JAB,CornDebrisFungicide,,MEA+Tet+Strepto,yes-pt1,OTU1,1,Contig1,Alternaria
,C28-1-20,C-208-L1-T1,2022.10.24,JAB,CornDebrisFungicide,,MEA+Tet+Strepto,yes-pt1,OTU1,1,Contig1,Alternaria
,C28-1-22,C-208-L1-T1,2022.10.24,JAB,CornDebrisFungicide,,MEA+Tet+Strepto,yes-pt1,OTU1,1,Contig1,Alternaria
,C28-1-25,C-208-L1-T1,2022.10.24,JAB,CornDebrisFungicide,,MEA+Tet+Strepto,yes-pt1,OTU1,1,Contig1,Alternaria
,C28-1-26,C-208-L1-T1,2022.10.24,JAB,CornDebrisFungicide,,MEA+Tet+Strepto,yes-pt1,OTU1,1,Contig1,Alternaria
,C28-1-27,C-208-L1-T1,2022.10.24,JAB,CornDebrisFungicide,,MEA+Tet+Strepto,yes-pt1,OTU1,1,Contig1,Alternaria
,C28-1-4,C-208-L1-T1,2022.10.24,JAB,CornDebrisFungicide,,MEA+Tet+Strepto,yes-pt2,OTU1,1,Contig1,Alternaria
,C28-1-5,C-208-L1-T1,2022.10.24,JAB,CornDebrisFungicide,,MEA+Tet+Strepto,yes-pt1,OTU1,1,Contig1,Alternaria
,C28-1-6,C-208-L1-T1,2022.10.24,JAB,CornDebrisFungicide,,MEA+Tet+Strepto,yes-pt3,OTU1,1,Contig1,Alternaria
,C28-1-7,C-208-L1-T1,2022.10.24,JAB,CornDebrisFungicide,,MEA+Tet+Strepto,yes-pt1,OTU1,1,Contig1,Alternaria
,C28-2-11,C-208-L2-T1,2022.10.24,JAB,CornDebrisFungicide,,MEA+Tet+Strepto,yes-pt1,OTU1,1,Contig1,Alternaria
,C28-2-12,C-208-L2-T1,2022.10.24,JAB,CornDebrisFungicide,,MEA+Tet+Strepto,yes-pt1,OTU1,1,Contig1,Alternaria
,C28-2-13,C-208-L2-T1,2022.10.24,JAB,CornDebrisFungicide,,MEA+Tet+Strepto,yes-pt1,OTU1,1,Contig1,Alternaria
,C28-2-16,C-208-L2-T1,2022.10.24,JAB,CornDebrisFungicide,,MEA+Tet+Strepto,yes-pt1,OTU1,1,Contig1,Alternaria
,C28-2-18,C-208-L2-T1,2022.10.24,JAB,CornDebrisFungicide,,MEA+Tet+Strepto,yes-pt1,OTU1,1,Contig1,Alternaria
,C28-2-27,C-208-L2-T1,2022.10.24,JAB,CornDebrisFungicide,,MEA+Tet+Strepto,yes-pt1,OTU1,1,Contig1,Alternaria
,C28-2-29,C-208-L2-T1,2022.10.24,JAB,CornDebrisFungicide,,MEA+Tet+Strepto,yes-pt2,OTU1,1,Contig1,Alternaria
,C28-2-3,C-208-L2-T1,2022.10.24,JAB,CornDebrisFungicide,,MEA+Tet+Strepto,yes-pt1,OTU1,1,Contig1,Alternaria
,C28-2-4,C-208-L2-T1,2022.10.24,JAB,CornDebrisFungicide,,MEA+Tet+Strepto,yes-pt1,OTU1,1,Contig1,Alternaria
,C28-2-6,C-208-L2-T1,2022.10.24,JAB,CornDebrisFungicide,,MEA+Tet+Strepto,yes-pt1,OTU1,1,Contig1,Alternaria
,C28-2-7,C-208-L2-T1,2022.10.24,JAB,CornDebrisFungicide,,MEA+Tet+Strepto,yes-pt1,OTU1,1,Contig1,Alternaria
,C28-2-9,C-208-L2-T1,2022.10.24,JAB,CornDebrisFungicide,,MEA+Tet+Strepto,yes-pt1,OTU1,1,Contig1,Alternaria
,C28-3-2,C-208-L3-T1,2022.10.24,JAB,CornDebrisFungicide,,MEA+Tet+Strepto,yes-pt1,OTU1,1,Contig1,Alternaria
,C28-3-6,C-208-L3-T1,2022.10.24,JAB,CornDebrisFungicide,,MEA+Tet+Strepto,yes-pt1,OTU1,1,Contig1,Alternaria
,C33-1-1,C-303-L1-T1,2022.10.26,JAB,CornDebrisFungicide,,MEA+Tet+Strepto,yes-pt3,OTU1,1,Contig1,Alternaria
,C33-1-11,C-303-L1-T1,2022.10.26,JAB,CornDebrisFungicide,,MEA+Tet+Strepto,yes-pt1,OTU1,1,Contig1,Alternaria
,C33-1-12,C-303-L1-T1,2022.10.26,JAB,CornDebrisFungicide,,MEA+Tet+Strepto,yes-pt1,OTU1,1,Contig1,Alternaria
,C33-1-14,C-303-L1-T1,2022.10.26,JAB,CornDebrisFungicide,,MEA+Tet+Strepto,yes-pt1,OTU1,1,Contig1,Alternaria
,C33-1-15,C-303-L1-T1,2022.10.26,JAB,CornDebrisFungicide,,MEA+Tet+Strepto,yes-pt1,OTU1,1,Contig1,Alternaria
,C33-1-17,C-303-L1-T1,2022.10.26,JAB,CornDebrisFungicide,,MEA+Tet+Strepto,yes-pt1,OTU1,1,Contig1,Alternaria
,C33-1-4,C-303-L1-T1,2022.10.26,JAB,CornDebrisFungicide,,MEA+Tet+Strepto,yes-pt1,OTU1,1,Contig1,Alternaria
,C33-1-8,C-303-L1-T1,2022.10.26,JAB,CornDebrisFungicide,,MEA+Tet+Strepto,yes-pt1,OTU1,1,Contig1,Alternaria
,C33-2-1,C-303-L2-T1,2022.10.26,JAB,CornDebrisFungicide,,MEA+Tet+Strepto,yes-pt1,OTU1,1,Contig1,Alternaria
,C33-2-3,C-303-L2-T1,2022.10.26,JAB,CornDebrisFungicide,,MEA+Tet+Strepto,yes-pt1,OTU1,1,Contig1,Alternaria
,C33-2-4,C-303-L2-T1,2022.10.26,JAB,CornDebrisFungicide,,MEA+Tet+Strepto,yes-pt1,OTU1,1,Contig1,Alternaria
,C33-3-10,C-303-L3-T1,2022.10.26,JAB,CornDebrisFungicide,,MEA+Tet+Strepto,yes-pt1,OTU1,1,Contig1,Alternaria
,C33-3-12,C-303-L3-T1,2022.10.26,JAB,CornDebrisFungicide,,MEA+Tet+Strepto,yes-pt2,OTU1,1,Contig1,Alternaria
,C33-3-13,C-303-L3-T1,2022.10.26,JAB,CornDebrisFungicide,,MEA+Tet+Strepto,yes-pt1,OTU1,1,Contig1,Alternaria
,C33-3-15,C-303-L3-T1,2022.10.26,JAB,CornDebrisFungicide,,MEA+Tet+Strepto,yes-pt2,OTU1,1,Contig1,Alternaria
,C33-3-17,C-303-L3-T1,2022.10.26,JAB,CornDebrisFungicide,,MEA+Tet+Strepto,yes-pt2,OTU1,1,Contig1,Alternaria
,C33-3-20,C-303-L3-T1,2022.10.26,JAB,CornDebrisFungicide,,MEA+Tet+Strepto,yes-pt1,OTU1,1,Contig1,Alternaria
,C33-3-21,C-303-L3-T1,2022.10.26,JAB,CornDebrisFungicide,,MEA+Tet+Strepto,yes-pt1,OTU1,1,Contig1,Alternaria
,C33-3-23,C-303-L3-T1,2022.10.26,JAB,CornDebrisFungicide,,MEA+Tet+Strepto,yes-pt1,OTU1,1,Contig1,Alternaria
,C33-3-5,C-303-L3-T1,2022.10.26,JAB,CornDebrisFungicide,,MEA+Tet+Strepto,yes-pt1,OTU1,1,Contig1,Alternaria
,C33-3-6,C-303-L3-T1,2022.10.26,JAB,CornDebrisFungicide,,MEA+Tet+Strepto,yes-pt1,OTU1,1,Contig1,Alternaria
,C33-3-8,C-303-L3-T1,2022.10.26,JAB,CornDebrisFungicide,,MEA+Tet+Strepto,yes-pt3,OTU1,1,Contig1,Alternaria
,C33-3-9,C-303-L3-T1,2022.10.26,JAB,CornDebrisFungicide,,MEA+Tet+Strepto,yes-pt1,OTU1,1,Contig1,Alternaria
,C37-1-1,C-307-L1-T1,2022.10.26,JAB,CornDebrisFungicide,,MEA+Tet+Strepto,yes-pt1,OTU1,1,Contig1,Alternaria
,C37-1-12,C-307-L1-T1,2022.10.26,JAB,CornDebrisFungicide,,MEA+Tet+Strepto,yes-pt1,OTU1,1,Contig1,Alternaria
,C37-1-14,C-307-L1-T1,2022.10.26,JAB,CornDebrisFungicide,,MEA+Tet+Strepto,yes-pt1,OTU1,1,Contig1,Alternaria
,C37-1-16,C-307-L1-T1,2022.10.26,JAB,CornDebrisFungicide,,MEA+Tet+Strepto,yes-pt1,OTU1,1,Contig1,Alternaria
,C37-1-17,C-307-L1-T1,2022.10.26,JAB,CornDebrisFungicide,,MEA+Tet+Strepto,yes-pt1,OTU1,1,Contig1,Alternaria
,C37-1-18,C-307-L1-T1,2022.10.26,JAB,CornDebrisFungicide,,MEA+Tet+Strepto,yes-pt1,OTU1,1,Contig1,Alternaria
,C37-1-2,C-307-L1-T1,2022.10.26,JAB,CornDebrisFungicide,,MEA+Tet+Strepto,yes-pt1,OTU1,1,Contig1,Alternaria
,C37-1-23,C-307-L1-T1,2022.10.26,JAB,CornDebrisFungicide,,MEA+Tet+Strepto,yes-pt3,OTU1,1,Contig1,Alternaria
,C37-1-4,C-307-L1-T1,2022.10.26,JAB,CornDebrisFungicide,,MEA+Tet+Strepto,yes-pt1,OTU1,1,Contig1,Alternaria
,C37-1-8,C-307-L1-T1,2022.10.26,JAB,CornDebrisFungicide,,MEA+Tet+Strepto,yes-pt1,OTU1,1,Contig1,Alternaria
,C37-2-11,C-307-L2-T1,2022.10.26,JAB,CornDebrisFungicide,,MEA+Tet+Strepto,yes-pt1,OTU1,1,Contig1,Alternaria
,C37-2-12,C-307-L2-T1,2022.10.26,JAB,CornDebrisFungicide,,MEA+Tet+Strepto,yes-pt1,OTU1,1,Contig1,Alternaria
,C37-2-13,C-307-L2-T1,2022.10.26,JAB,CornDebrisFungicide,,MEA+Tet+Strepto,yes-pt2,OTU1,1,Contig1,Alternaria
,C37-2-2,C-307-L2-T1,2022.10.26,JAB,CornDebrisFungicide,,MEA+Tet+Strepto,yes-pt1,OTU1,1,Contig1,Alternaria
,C37-2-4,C-307-L2-T1,2022.10.26,JAB,CornDebrisFungicide,,MEA+Tet+Strepto,yes-pt1,OTU1,1,Contig1,Alternaria
,C37-2-5,C-307-L2-T1,2022.10.26,JAB,CornDebrisFungicide,,MEA+Tet+Strepto,yes-pt1,OTU1,1,Contig1,Alternaria
,C37-2-7,C-307-L2-T1,2022.10.26,JAB,CornDebrisFungicide,,MEA+Tet+Strepto,yes-pt1,OTU1,1,Contig1,Alternaria
,C37-2-9,C-307-L2-T1,2022.10.26,JAB,CornDebrisFungicide,,MEA+Tet+Strepto,yes-pt1,OTU1,1,Contig1,Alternaria
,C37-3-1,C-307-L3-T1,2022.10.26,JAB,CornDebrisFungicide,,MEA+Tet+Strepto,yes-pt1,OTU1,1,Contig1,Alternaria
,C37-3-12,C-307-L3-T1,2022.10.26,JAB,CornDebrisFungicide,,MEA+Tet+Strepto,yes-pt1,OTU1,1,Contig1,Alternaria
,C37-3-13,C-307-L3-T1,2022.10.26,JAB,CornDebrisFungicide,,MEA+Tet+Strepto,yes-pt1,OTU1,1,Contig1,Alternaria
,C37-3-14,C-307-L3-T1,2022.10.26,JAB,CornDebrisFungicide,,MEA+Tet+Strepto,yes-pt1,OTU1,1,Contig1,Alternaria
,C37-3-3,C-307-L3-T1,2022.10.26,JAB,CornDebrisFungicide,,MEA+Tet+Strepto,yes-pt1,OTU1,1,Contig1,Alternaria
,C37-3-4,C-307-L3-T1,2022.10.26,JAB,CornDebrisFungicide,,MEA+Tet+Strepto,yes-pt1,OTU1,1,Contig1,Alternaria
,C37-3-5,C-307-L3-T1,2022.10.26,JAB,CornDebrisFungicide,,MEA+Tet+Strepto,yes-pt1,OTU1,1,Contig1,Alternaria
,C37-3-6,C-307-L3-T1,2022.10.26,JAB,CornDebrisFungicide,,MEA+Tet+Strepto,yes-pt1,OTU1,1,Contig1,Alternaria
,C37-3-8,C-307-L3-T1,2022.10.26,JAB,CornDebrisFungicide,,MEA+Tet+Strepto,yes-pt1,OTU1,1,Contig1,Alternaria
,C37-3-9,C-307-L3-T1,2022.10.26,JAB,CornDebrisFungicide,,MEA+Tet+Strepto,yes-pt2,OTU1,1,Contig1,Alternaria
,G13-1-3,G-103-L1-T1,2022.10.26,JAB,CornDebrisFungicide,,MEA+Tet+Strepto,yes-pt2,OTU1,1,Contig1,Alternaria
,G13-1-5,G-103-L1-T1,2022.10.26,JAB,CornDebrisFungicide,,MEA+Tet+Strepto,yes-pt1,OTU1,1,Contig1,Alternaria
,G13-1-6,G-103-L1-T1,2022.10.26,JAB,CornDebrisFungicide,,MEA+Tet+Strepto,yes-pt1,OTU1,1,Contig1,Alternaria
,G13-1-7,G-103-L1-T1,2022.10.26,JAB,CornDebrisFungicide,,MEA+Tet+Strepto,yes-pt1,OTU1,1,Contig1,Alternaria
,G13-1-8,G-103-L1-T1,2022.10.26,JAB,CornDebrisFungicide,,MEA+Tet+Strepto,yes-pt1,OTU1,1,Contig1,Alternaria
,G13-2-2,G-103-L2-T1,2022.10.26,JAB,CornDebrisFungicide,,MEA+Tet+Strepto,yes-pt1,OTU1,1,Contig1,Alternaria
,G13-2-3,G-103-L2-T1,2022.10.26,JAB,CornDebrisFungicide,,MEA+Tet+Strepto,yes-pt1,OTU1,1,Contig1,Alternaria
,G13-2-5,G-103-L2-T1,2022.10.26,JAB,CornDebrisFungicide,,MEA+Tet+Strepto,yes-pt1,OTU1,1,Contig1,Alternaria
,G13-3-1,G-103-L3-T1,2022.10.26,JAB,CornDebrisFungicide,,MEA+Tet+Strepto,yes-pt1,OTU1,1,Contig1,Alternaria
,G13-3-2,G-103-L3-T1,2022.10.26,JAB,CornDebrisFungicide,,MEA+Tet+Strepto,yes-pt1,OTU1,1,Contig1,Alternaria
,G14-1-1,G-104-L1-T1,2022.10.27,JAB,CornDebrisFungicide,,MEA+Tet+Strepto,yes-pt1,OTU1,1,Contig1,Alternaria
,G14-1-2,G-104-L1-T1,2022.10.27,JAB,CornDebrisFungicide,,MEA+Tet+Strepto,yes-pt1,OTU1,1,Contig1,Alternaria
,G14-1-7,G-104-L1-T1,2022.10.27,JAB,CornDebrisFungicide,,MEA+Tet+Strepto,yes-pt1,OTU1,1,Contig1,Alternaria
,G14-1-8,G-104-L1-T1,2022.10.27,JAB,CornDebrisFungicide,,MEA+Tet+Strepto,yes-pt1,OTU1,1,Contig1,Alternaria
,G14-2-1,G-104-L2-T1,2022.10.27,JAB,CornDebrisFungicide,,MEA+Tet+Strepto,yes-pt1,OTU1,1,Contig1,Alternaria
,G14-2-3,G-104-L2-T1,2022.10.27,JAB,CornDebrisFungicide,,MEA+Tet+Strepto,yes-pt1,OTU1,1,Contig1,Alternaria
,G14-2-5,G-104-L2-T1,2022.10.27,JAB,CornDebrisFungicide,,MEA+Tet+Strepto,yes-pt1,OTU1,1,Contig1,Alternaria
,G14-3-1,G-104-L3-T1,2022.10.27,JAB,CornDebrisFungicide,,MEA+Tet+Strepto,yes-pt1,OTU1,1,Contig1,Alternaria
,G14-3-2,G-104-L3-T1,2022.10.27,JAB,CornDebrisFungicide,,MEA+Tet+Strepto,yes-pt1,OTU1,1,Contig1,Alternaria
,G14-3-3,G-104-L3-T1,2022.10.27,JAB,CornDebrisFungicide,,MEA+Tet+Strepto,yes-pt1,OTU1,1,Contig1,Alternaria
,G14-3-4,G-104-L3-T1,2022.10.27,JAB,CornDebrisFungicide,,MEA+Tet+Strepto,yes-pt1,OTU1,1,Contig1,Alternaria
,G14-3-5,G-104-L3-T1,2022.10.27,JAB,CornDebrisFungicide,,MEA+Tet+Strepto,yes-pt1,OTU1,1,Contig1,Alternaria
,G14-3-9,G-104-L3-T1,2022.10.27,JAB,CornDebrisFungicide,,MEA+Tet+Strepto,yes-pt1,OTU1,1,Contig1,Alternaria
,G27-1-10,G-207-L1-T1,2022.10.27,JAB,CornDebrisFungicide,,MEA+Tet+Strepto,yes-pt1,OTU1,1,Contig1,Alternaria
,G27-1-11,G-207-L1-T1,2022.10.27,JAB,CornDebrisFungicide,,MEA+Tet+Strepto,yes-pt1,OTU1,1,Contig1,Alternaria
,G27-1-13,G-207-L1-T1,2022.10.27,JAB,CornDebrisFungicide,,MEA+Tet+Strepto,yes-pt1,OTU1,1,Contig1,Alternaria
,G27-1-2,G-207-L1-T1,2022.10.27,JAB,CornDebrisFungicide,,MEA+Tet+Strepto,yes-pt1,OTU1,1,Contig1,Alternaria
,G27-1-3,G-207-L1-T1,2022.10.27,JAB,CornDebrisFungicide,,MEA+Tet+Strepto,yes-pt1,OTU1,1,Contig1,Alternaria
,G27-1-5,G-207-L1-T1,2022.10.27,JAB,CornDebrisFungicide,,MEA+Tet+Strepto,yes-pt2,OTU1,1,Contig1,Alternaria
,G27-1-9,G-207-L1-T1,2022.10.27,JAB,CornDebrisFungicide,,MEA+Tet+Strepto,yes-pt1,OTU1,1,Contig1,Alternaria
,G27-2-2,G-207-L2-T1,2022.10.27,JAB,CornDebrisFungicide,,MEA+Tet+Strepto,yes-pt2,OTU1,1,Contig1,Alternaria
,G27-2-6,G-207-L2-T1,2022.10.27,JAB,CornDebrisFungicide,,MEA+Tet+Strepto,yes-pt1,OTU1,1,Contig1,Alternaria
,G27-3-2,G-207-L3-T1,2022.10.27,JAB,CornDebrisFungicide,,MEA+Tet+Strepto,yes-pt1,OTU1,1,Contig1,Alternaria
,G27-3-5,G-207-L3-T1,2022.10.27,JAB,CornDebrisFungicide,,MEA+Tet+Strepto,yes-pt1,OTU1,1,Contig1,Alternaria
,G28-1-2,G-208-L1-T1,2022.10.27,JAB,CornDebrisFungicide,,MEA+Tet+Strepto,yes-pt1,OTU1,1,Contig1,Alternaria
,G28-1-3,G-208-L1-T1,2022.10.27,JAB,CornDebrisFungicide,,MEA+Tet+Strepto,yes-pt1,OTU1,1,Contig1,Alternaria
,G28-1-4,G-208-L1-T1,2022.10.27,JAB,CornDebrisFungicide,,MEA+Tet+Strepto,yes-pt1,OTU1,1,Contig1,Alternaria
,G28-2-2,G-208-L2-T1,2022.10.27,JAB,CornDebrisFungicide,,MEA+Tet+Strepto,yes-pt1,OTU1,1,Contig1,Alternaria
,G28-2-3,G-208-L2-T1,2022.10.27,JAB,CornDebrisFungicide,,MEA+Tet+Strepto,yes-pt1,OTU1,1,Contig1,Alternaria
,G28-2-4,G-208-L2-T1,2022.10.27,JAB,CornDebrisFungicide,,MEA+Tet+Strepto,yes-pt1,OTU1,1,Contig1,Alternaria
,G28-3-1,G-208-L3-T1,2022.10.27,JAB,CornDebrisFungicide,,MEA+Tet+Strepto,yes-pt1,OTU1,1,Contig1,Alternaria
,G28-3-2,G-208-L3-T1,2022.10.27,JAB,CornDebrisFungicide,,MEA+Tet+Strepto,yes-pt1,OTU1,1,Contig1,Alternaria
,G28-3-3,G-208-L3-T1,2022.10.27,JAB,CornDebrisFungicide,,MEA+Tet+Strepto,yes-pt1,OTU1,1,Contig1,Alternaria
,G28-3-6,G-208-L3-T1,2022.10.27,JAB,CornDebrisFungicide,,MEA+Tet+Strepto,yes-pt1,OTU1,1,Contig1,Alternaria
,G28-3-7,G-208-L3-T1,2022.10.27,JAB,CornDebrisFungicide,,MEA+Tet+Strepto,yes-pt1,OTU1,1,Contig1,Alternaria
,G33-1-1,G-303-L1-T1,2022.10.27,JAB,CornDebrisFungicide,,MEA+Tet+Strepto,yes-pt1,OTU1,1,Contig1,Alternaria
,G33-1-11,G-303-L1-T1,2022.10.27,JAB,CornDebrisFungicide,,MEA+Tet+Strepto,yes-pt2,OTU1,1,Contig1,Alternaria
,G33-1-14,G-303-L1-T1,2022.10.27,JAB,CornDebrisFungicide,,MEA+Tet+Strepto,yes-pt2,OTU1,1,Contig1,Alternaria
,G33-1-16,G-303-L1-T1,2022.10.27,JAB,CornDebrisFungicide,,MEA+Tet+Strepto,yes-pt2,OTU1,1,Contig1,Alternaria
,G33-1-3,G-303-L1-T1,2022.10.27,JAB,CornDebrisFungicide,,MEA+Tet+Strepto,yes-pt1,OTU1,1,Contig1,Alternaria
,G33-1-7,G-303-L1-T1,2022.10.27,JAB,CornDebrisFungicide,,MEA+Tet+Strepto,yes-pt1,OTU1,1,Contig1,Alternaria
,G33-2-1,G-303-L2-T1,2022.10.27,JAB,CornDebrisFungicide,,MEA+Tet+Strepto,yes-pt3,OTU1,1,Contig1,Alternaria
,G33-2-3,G-303-L2-T1,2022.10.27,JAB,CornDebrisFungicide,,MEA+Tet+Strepto,yes-pt2,OTU1,1,Contig1,Alternaria
,G33-2-5,G-303-L2-T1,2022.10.27,JAB,CornDebrisFungicide,,MEA+Tet+Strepto,yes-pt2,OTU1,1,Contig1,Alternaria
,G33-2-6,G-303-L2-T1,2022.10.27,JAB,CornDebrisFungicide,,MEA+Tet+Strepto,yes-pt2,OTU1,1,Contig1,Alternaria
,G33-2-7,G-303-L2-T1,2022.10.27,JAB,CornDebrisFungicide,,MEA+Tet+Strepto,yes-pt2,OTU1,1,Contig1,Alternaria
,G33-2-9,G-303-L2-T1,2022.10.27,JAB,CornDebrisFungicide,,MEA+Tet+Strepto,yes-pt2,OTU1,1,Contig1,Alternaria
,G33-3-2,G-303-L3-T1,2022.10.27,JAB,CornDebrisFungicide,,MEA+Tet+Strepto,yes-pt2,OTU1,1,Contig1,Alternaria
,G33-3-4,G-303-L3-T1,2022.10.27,JAB,CornDebrisFungicide,,MEA+Tet+Strepto,yes-pt2,OTU1,1,Contig1,Alternaria
,G37-1-1,G-307-L1-T1,2022.10.27,JAB,CornDebrisFungicide,,MEA+Tet+Strepto,yes-pt2,OTU1,1,Contig1,Alternaria
,G37-1-2,G-307-L1-T1,2022.10.27,JAB,CornDebrisFungicide,,MEA+Tet+Strepto,yes-pt2,OTU1,1,Contig1,Alternaria
,G37-1-3,G-307-L1-T1,2022.10.27,JAB,CornDebrisFungicide,,MEA+Tet+Strepto,yes-pt2,OTU1,1,Contig1,Alternaria
,G37-1-4,G-307-L1-T1,2022.10.27,JAB,CornDebrisFungicide,,MEA+Tet+Strepto,yes-pt2,OTU1,1,Contig1,Alternaria
,G37-1-5,G-307-L1-T1,2022.10.27,JAB,CornDebrisFungicide,,MEA+Tet+Strepto,yes-pt2,OTU1,1,Contig1,Alternaria
,G37-2-1,G-307-L2-T1,2022.10.27,JAB,CornDebrisFungicide,,MEA+Tet+Strepto,yes-pt2,OTU1,1,Contig1,Alternaria
,G37-2-3,G-307-L2-T1,2022.10.27,JAB,CornDebrisFungicide,,MEA+Tet+Strepto,yes-pt2,OTU1,1,Contig1,Alternaria
,G37-2-5,G-307-L2-T1,2022.10.27,JAB,CornDebrisFungicide,,MEA+Tet+Strepto,yes-pt2,OTU1,1,Contig1,Alternaria
,G37-2-6,G-307-L2-T1,2022.10.27,JAB,CornDebrisFungicide,,MEA+Tet+Strepto,yes-pt3,OTU1,1,Contig1,Alternaria
,G37-2-7,G-307-L2-T1,2022.10.27,JAB,CornDebrisFungicide,,MEA+Tet+Strepto,yes-pt3,OTU1,1,Contig1,Alternaria
,G37-3-1,G-307-L3-T1,2022.10.27,JAB,CornDebrisFungicide,,MEA+Tet+Strepto,yes-pt2,OTU1,1,Contig1,Alternaria
,G37-3-12,G-307-L3-T1,2022.10.27,JAB,CornDebrisFungicide,,MEA+Tet+Strepto,yes-pt2,OTU1,1,Contig1,Alternaria
,G37-3-4,G-307-L3-T1,2022.10.27,JAB,CornDebrisFungicide,,MEA+Tet+Strepto,yes-pt2,OTU1,1,Contig1,Alternaria
,G37-3-5,G-307-L3-T1,2022.10.27,JAB,CornDebrisFungicide,,MEA+Tet+Strepto,yes-pt2,OTU1,1,Contig1,Alternaria
,G37-3-6,G-307-L3-T1,2022.10.27,JAB,CornDebrisFungicide,,MEA+Tet+Strepto,yes-pt2,OTU1,1,Contig1,Alternaria
,G37-3-8,G-307-L3-T1,2022.10.27,JAB,CornDebrisFungicide,,MEA+Tet+Strepto,yes-pt2,OTU1,1,Contig1,Alternaria
,G37-3-9,G-307-L3-T1,2022.10.27,JAB,CornDebrisFungicide,,MEA+Tet+Strepto,yes-pt2,OTU1,1,Contig1,Alternaria
,C33-2-12,C-303-L2-T1,2022.10.26,JAB,CornDebrisFungicide,,MEA+Tet+Strepto,yes-pt1,OTU10,10,Contig10,Cercospora
,C33-2-8,C-303-L2-T1,2022.10.26,JAB,CornDebrisFungicide,,MEA+Tet+Strepto,yes-pt1,OTU10,10,Contig10,Cercospora
,G27-1-1,G-207-L1-T1,2022.10.27,JAB,CornDebrisFungicide,,MEA+Tet+Strepto,yes-pt1,OTU10,10,Contig10,Cercospora
,C28-2-5,C-208-L2-T1,2022.10.24,JAB,CornDebrisFungicide,,MEA+Tet+Strepto,yes-pt1,OTU11,11,Contig11,undetermined
,G14-1-6,G-104-L1-T1,2022.10.27,JAB,CornDebrisFungicide,,MEA+Tet+Strepto,yes-pt1,OTU11,11,Contig11,undetermined
,G33-1-9,G-303-L1-T1,2022.10.27,JAB,CornDebrisFungicide,,MEA+Tet+Strepto,yes-pt1,OTU11,11,Contig11,undetermined
,C27-2-18,C-207-L2-T1,2022.10.21,JAB,CornDebrisFungicide,,MEA+Tet+Strepto,yes-pt1,OTU12,12,Contig12,undetermined
,C27-3-20,C-207-L3-T1,2022.10.21,JAB,CornDebrisFungicide,,MEA+Tet+Strepto,yes-pt1,OTU12,12,Contig12,undetermined
,G14-3-10,G-104-L3-T1,2022.10.27,JAB,CornDebrisFungicide,,MEA+Tet+Strepto,yes-pt2,OTU13,13,Contig13,undetermined
,G14-3-6,G-104-L3-T1,2022.10.27,JAB,CornDebrisFungicide,,MEA+Tet+Strepto,yes-pt1,OTU13,13,Contig13,undetermined
,G14-3-7,G-104-L3-T1,2022.10.27,JAB,CornDebrisFungicide,,MEA+Tet+Strepto,yes-pt1,OTU14,14,Contig14,Ophiosphaerella
,G27-1-7,G-207-L1-T1,2022.10.27,JAB,CornDebrisFungicide,,MEA+Tet+Strepto,yes-pt1,OTU14,14,Contig14,Ophiosphaerella
,C13-1-12,C-103-L1-T1,2022.10.21,JAB,CornDebrisFungicide,,MEA+Tet+Strepto,yes-pt1,OTU2,2,Contig2,Epicoccum
,C13-2-6,C-103-L2-T1,2022.10.21,JAB,CornDebrisFungicide,,MEA+Tet+Strepto,yes-pt1,OTU2,2,Contig2,Epicoccum
,C13-2-7,C-103-L2-T1,2022.10.21,JAB,CornDebrisFungicide,,MEA+Tet+Strepto,yes-pt1,OTU2,2,Contig2,Epicoccum
,C13-2-9,C-103-L2-T1,2022.10.21,JAB,CornDebrisFungicide,,MEA+Tet+Strepto,yes-pt1,OTU2,2,Contig2,Epicoccum
,C13-3-4,C-103-L3-T1,2022.10.21,JAB,CornDebrisFungicide,,MEA+Tet+Strepto,yes-pt1,OTU2,2,Contig2,Epicoccum
,C13-3-7,C-103-L3-T1,2022.10.21,JAB,CornDebrisFungicide,,MEA+Tet+Strepto,yes-pt1,OTU2,2,Contig2,Epicoccum
,C14-1-5,C-104-L1-T1,2022.10.21,JAB,CornDebrisFungicide,,MEA+Tet+Strepto,yes-pt1,OTU2,2,Contig2,Epicoccum
,C14-3-13,C-104-L3-T1,2022.10.21,JAB,CornDebrisFungicide,,MEA+Tet+Strepto,yes-pt1,OTU2,2,Contig2,Epicoccum
,C27-1-12,C-207-L1-T1,2022.10.21,JAB,CornDebrisFungicide,,MEA+Tet+Strepto,yes-pt1,OTU2,2,Contig2,Epicoccum
,C27-2-1,C-207-L2-T1,2022.10.21,JAB,CornDebrisFungicide,,MEA+Tet+Strepto,yes-pt1,OTU2,2,Contig2,Epicoccum
,C27-2-10,C-207-L2-T1,2022.10.21,JAB,CornDebrisFungicide,,MEA+Tet+Strepto,yes-pt1,OTU2,2,Contig2,Epicoccum
,C27-2-12,C-207-L2-T1,2022.10.21,JAB,CornDebrisFungicide,,MEA+Tet+Strepto,yes-pt1,OTU2,2,Contig2,Epicoccum
,C27-2-13,C-207-L2-T1,2022.10.21,JAB,CornDebrisFungicide,,MEA+Tet+Strepto,yes-pt1,OTU2,2,Contig2,Epicoccum
,C27-2-16,C-207-L2-T1,2022.10.21,JAB,CornDebrisFungicide,,MEA+Tet+Strepto,yes-pt1,OTU2,2,Contig2,Epicoccum
,C27-2-4,C-207-L2-T1,2022.10.21,JAB,CornDebrisFungicide,,MEA+Tet+Strepto,yes-pt1,OTU2,2,Contig2,Epicoccum
,C27-2-5,C-207-L2-T1,2022.10.21,JAB,CornDebrisFungicide,,MEA+Tet+Strepto,yes-pt1,OTU2,2,Contig2,Epicoccum
,C27-2-7,C-207-L2-T1,2022.10.21,JAB,CornDebrisFungicide,,MEA+Tet+Strepto,yes-pt2,OTU2,2,Contig2,Epicoccum
,C27-3-1,C-207-L3-T1,2022.10.21,JAB,CornDebrisFungicide,,MEA+Tet+Strepto,yes-pt1,OTU2,2,Contig2,Epicoccum
,C27-3-15,C-207-L3-T1,2022.10.21,JAB,CornDebrisFungicide,,MEA+Tet+Strepto,yes-pt1,OTU2,2,Contig2,Epicoccum
,C27-3-3,C-207-L3-T1,2022.10.21,JAB,CornDebrisFungicide,,MEA+Tet+Strepto,yes-pt1,OTU2,2,Contig2,Epicoccum
,C28-1-16,C-208-L1-T1,2022.10.24,JAB,CornDebrisFungicide,,MEA+Tet+Strepto,yes-pt1,OTU2,2,Contig2,Epicoccum
,C28-1-17,C-208-L1-T1,2022.10.24,JAB,CornDebrisFungicide,,MEA+Tet+Strepto,yes-pt1,OTU2,2,Contig2,Epicoccum
,C28-1-21,C-208-L1-T1,2022.10.24,JAB,CornDebrisFungicide,,MEA+Tet+Strepto,yes-pt1,OTU2,2,Contig2,Epicoccum
,C28-1-8,C-208-L1-T1,2022.10.24,JAB,CornDebrisFungicide,,MEA+Tet+Strepto,yes-pt1,OTU2,2,Contig2,Epicoccum
,C28-2-19,C-208-L2-T1,2022.10.24,JAB,CornDebrisFungicide,,MEA+Tet+Strepto,yes-pt1,OTU2,2,Contig2,Epicoccum
,C28-2-2,C-208-L2-T1,2022.10.24,JAB,CornDebrisFungicide,,MEA+Tet+Strepto,yes-pt1,OTU2,2,Contig2,Epicoccum
,C28-2-22,C-208-L2-T1,2022.10.24,JAB,CornDebrisFungicide,,MEA+Tet+Strepto,yes-pt1,OTU2,2,Contig2,Epicoccum
,C28-2-24,C-208-L2-T1,2022.10.24,JAB,CornDebrisFungicide,,MEA+Tet+Strepto,yes-pt1,OTU2,2,Contig2,Epicoccum
,C28-2-8,C-208-L2-T1,2022.10.24,JAB,CornDebrisFungicide,,MEA+Tet+Strepto,yes-pt1,OTU2,2,Contig2,Epicoccum
,C33-1-16,C-303-L1-T1,2022.10.26,JAB,CornDebrisFungicide,,MEA+Tet+Strepto,yes-pt1,OTU2,2,Contig2,Epicoccum
,C33-1-5,C-303-L1-T1,2022.10.26,JAB,CornDebrisFungicide,,MEA+Tet+Strepto,yes-pt1,OTU2,2,Contig2,Epicoccum
,C33-1-6,C-303-L1-T1,2022.10.26,JAB,CornDebrisFungicide,,MEA+Tet+Strepto,yes-pt1,OTU2,2,Contig2,Epicoccum
,C33-1-9,C-303-L1-T1,2022.10.26,JAB,CornDebrisFungicide,,MEA+Tet+Strepto,yes-pt1,OTU2,2,Contig2,Epicoccum
,C33-2-2,C-303-L2-T1,2022.10.26,JAB,CornDebrisFungicide,,MEA+Tet+Strepto,yes-pt1,OTU2,2,Contig2,Epicoccum
,C33-2-9,C-303-L2-T1,2022.10.26,JAB,CornDebrisFungicide,,MEA+Tet+Strepto,yes-pt1,OTU2,2,Contig2,Epicoccum
,C33-3-11,C-303-L3-T1,2022.10.26,JAB,CornDebrisFungicide,,MEA+Tet+Strepto,yes-pt1,OTU2,2,Contig2,Epicoccum
,C33-3-16,C-303-L3-T1,2022.10.26,JAB,CornDebrisFungicide,,MEA+Tet+Strepto,yes-pt1,OTU2,2,Contig2,Epicoccum
,C33-3-25,C-303-L3-T1,2022.10.26,JAB,CornDebrisFungicide,,MEA+Tet+Strepto,yes-pt1,OTU2,2,Contig2,Epicoccum
,C33-3-29,C-303-L3-T1,2022.10.26,JAB,CornDebrisFungicide,,MEA+Tet+Strepto,yes-pt1,OTU2,2,Contig2,Epicoccum
,C37-1-22,C-307-L1-T1,2022.10.26,JAB,CornDebrisFungicide,,MEA+Tet+Strepto,yes-pt2,OTU2,2,Contig2,Epicoccum
,C37-1-6,C-307-L1-T1,2022.10.26,JAB,CornDebrisFungicide,,MEA+Tet+Strepto,yes-pt1,OTU2,2,Contig2,Epicoccum
,G14-2-7,G-104-L2-T1,2022.10.27,JAB,CornDebrisFungicide,,MEA+Tet+Strepto,yes-pt1,OTU2,2,Contig2,Epicoccum
,G27-1-12,G-207-L1-T1,2022.10.27,JAB,CornDebrisFungicide,,MEA+Tet+Strepto,yes-pt1,OTU2,2,Contig2,Epicoccum
,G27-1-8,G-207-L1-T1,2022.10.27,JAB,CornDebrisFungicide,,MEA+Tet+Strepto,yes-pt1,OTU2,2,Contig2,Epicoccum
,G27-3-7,G-207-L3-T1,2022.10.27,JAB,CornDebrisFungicide,,MEA+Tet+Strepto,yes-pt1,OTU2,2,Contig2,Epicoccum
,C13-1-7,C-103-L1-T1,2022.10.21,JAB,CornDebrisFungicide,,MEA+Tet+Strepto,yes-pt1,OTU3,3,Contig3,Colletotrichum
,C13-2-11,C-103-L2-T1,2022.10.21,JAB,CornDebrisFungicide,,MEA+Tet+Strepto,yes-pt2,OTU3,3,Contig3,Colletotrichum
,C14-1-12,C-104-L1-T1,2022.10.21,JAB,CornDebrisFungicide,,MEA+Tet+Strepto,yes-pt1,OTU3,3,Contig3,Colletotrichum
,C14-1-7,C-104-L1-T1,2022.10.21,JAB,CornDebrisFungicide,,MEA+Tet+Strepto,yes-pt2,OTU3,3,Contig3,Colletotrichum
,C14-2-3,C-104-L2-T1,2022.10.21,JAB,CornDebrisFungicide,,MEA+Tet+Strepto,yes-pt1,OTU3,3,Contig3,Colletotrichum
,C14-3-14,C-104-L3-T1,2022.10.21,JAB,CornDebrisFungicide,,MEA+Tet+Strepto,yes-pt1,OTU3,3,Contig3,Colletotrichum
,C14-3-19,C-104-L3-T1,2022.10.21,JAB,CornDebrisFungicide,,MEA+Tet+Strepto,yes-pt2,OTU3,3,Contig3,Colletotrichum
,C27-1-2,C-207-L1-T1,2022.10.21,JAB,CornDebrisFungicide,,MEA+Tet+Strepto,yes-pt1,OTU3,3,Contig3,Colletotrichum
,C27-1-9,C-207-L1-T1,2022.10.21,JAB,CornDebrisFungicide,,MEA+Tet+Strepto,yes-pt1,OTU3,3,Contig3,Colletotrichum
,C28-1-12,C-208-L1-T1,2022.10.24,JAB,CornDebrisFungicide,,MEA+Tet+Strepto,yes-pt1,OTU3,3,Contig3,Colletotrichum
,C28-1-3,C-208-L1-T1,2022.10.24,JAB,CornDebrisFungicide,,MEA+Tet+Strepto,yes-pt3,OTU3,3,Contig3,Colletotrichum
,C28-2-1,C-208-L2-T1,2022.10.24,JAB,CornDebrisFungicide,,MEA+Tet+Strepto,yes-pt1,OTU3,3,Contig3,Colletotrichum
,C28-2-21,C-208-L2-T1,2022.10.24,JAB,CornDebrisFungicide,,MEA+Tet+Strepto,yes-pt1,OTU3,3,Contig3,Colletotrichum
,C28-2-25,C-208-L2-T1,2022.10.24,JAB,CornDebrisFungicide,,MEA+Tet+Strepto,yes-pt1,OTU3,3,Contig3,Colletotrichum
,C28-3-1,C-208-L3-T1,2022.10.24,JAB,CornDebrisFungicide,,MEA+Tet+Strepto,yes-pt1,OTU3,3,Contig3,Colletotrichum
,C28-3-4,C-208-L3-T1,2022.10.24,JAB,CornDebrisFungicide,,MEA+Tet+Strepto,yes-pt1,OTU3,3,Contig3,Colletotrichum
,C33-1-18,C-303-L1-T1,2022.10.26,JAB,CornDebrisFungicide,,MEA+Tet+Strepto,yes-pt1,OTU3,3,Contig3,Colletotrichum
,C37-1-15,C-307-L1-T1,2022.10.26,JAB,CornDebrisFungicide,,MEA+Tet+Strepto,yes-pt1,OTU3,3,Contig3,Colletotrichum
,C37-1-21,C-307-L1-T1,2022.10.26,JAB,CornDebrisFungicide,,MEA+Tet+Strepto,yes-pt1,OTU3,3,Contig3,Colletotrichum
,C37-1-5,C-307-L1-T1,2022.10.26,JAB,CornDebrisFungicide,,MEA+Tet+Strepto,yes-pt1,OTU3,3,Contig3,Colletotrichum
,C37-2-10,C-307-L2-T1,2022.10.26,JAB,CornDebrisFungicide,,MEA+Tet+Strepto,yes-pt1,OTU3,3,Contig3,Colletotrichum
,C37-2-6,C-307-L2-T1,2022.10.26,JAB,CornDebrisFungicide,,MEA+Tet+Strepto,yes-pt1,OTU3,3,Contig3,Colletotrichum
,C37-2-8,C-307-L2-T1,2022.10.26,JAB,CornDebrisFungicide,,MEA+Tet+Strepto,yes-pt1,OTU3,3,Contig3,Colletotrichum
,C37-3-7,C-307-L3-T1,2022.10.26,JAB,CornDebrisFungicide,,MEA+Tet+Strepto,yes-pt1,OTU3,3,Contig3,Colletotrichum
,G14-1-4,G-104-L1-T1,2022.10.27,JAB,CornDebrisFungicide,,MEA+Tet+Strepto,yes-pt1,OTU3,3,Contig3,Colletotrichum
,G14-1-5,G-104-L1-T1,2022.10.27,JAB,CornDebrisFungicide,,MEA+Tet+Strepto,yes-pt1,OTU3,3,Contig3,Colletotrichum
,G14-2-2,G-104-L2-T1,2022.10.27,JAB,CornDebrisFungicide,,MEA+Tet+Strepto,yes-pt1,OTU3,3,Contig3,Colletotrichum
,G27-2-1,G-207-L2-T1,2022.10.27,JAB,CornDebrisFungicide,,MEA+Tet+Strepto,yes-pt1,OTU3,3,Contig3,Colletotrichum
,G27-2-5,G-207-L2-T1,2022.10.27,JAB,CornDebrisFungicide,,MEA+Tet+Strepto,yes-pt1,OTU3,3,Contig3,Colletotrichum
,G27-3-1,G-207-L3-T1,2022.10.27,JAB,CornDebrisFungicide,,MEA+Tet+Strepto,yes-pt1,OTU3,3,Contig3,Colletotrichum
,G27-3-3,G-207-L3-T1,2022.10.27,JAB,CornDebrisFungicide,,MEA+Tet+Strepto,yes-pt1,OTU3,3,Contig3,Colletotrichum
,G27-3-4,G-207-L3-T1,2022.10.27,JAB,CornDebrisFungicide,,MEA+Tet+Strepto,yes-pt1,OTU3,3,Contig3,Colletotrichum
,G27-3-6,G-207-L3-T1,2022.10.27,JAB,CornDebrisFungicide,,MEA+Tet+Strepto,yes-pt1,OTU3,3,Contig3,Colletotrichum
,G28-3-8,G-208-L3-T1,2022.10.27,JAB,CornDebrisFungicide,,MEA+Tet+Strepto,yes-pt1,OTU3,3,Contig3,Colletotrichum
,G33-1-5,G-303-L1-T1,2022.10.27,JAB,CornDebrisFungicide,,MEA+Tet+Strepto,yes-pt1,OTU3,3,Contig3,Colletotrichum
,G33-1-8,G-303-L1-T1,2022.10.27,JAB,CornDebrisFungicide,,MEA+Tet+Strepto,yes-pt1,OTU3,3,Contig3,Colletotrichum
,G37-2-2,G-307-L2-T1,2022.10.27,JAB,CornDebrisFungicide,,MEA+Tet+Strepto,yes-pt4,OTU3,3,Contig3,Colletotrichum
,G37-2-4,G-307-L2-T1,2022.10.27,JAB,CornDebrisFungicide,,MEA+Tet+Strepto,yes-pt2,OTU3,3,Contig3,Colletotrichum
,G37-2-9,G-307-L2-T1,2022.10.27,JAB,CornDebrisFungicide,,MEA+Tet+Strepto,yes-pt4,OTU3,3,Contig3,Colletotrichum
,G37-3-10,G-307-L3-T1,2022.10.27,JAB,CornDebrisFungicide,,MEA+Tet+Strepto,yes-pt3,OTU3,3,Contig3,Colletotrichum
,G37-3-3,G-307-L3-T1,2022.10.27,JAB,CornDebrisFungicide,,MEA+Tet+Strepto,yes-pt3,OTU3,3,Contig3,Colletotrichum
,C13-1-14,C-103-L1-T1,2022.10.21,JAB,CornDebrisFungicide,,MEA+Tet+Strepto,yes-pt1,OTU4,4,Contig4,undetermined
,C13-1-16,C-103-L1-T1,2022.10.21,JAB,CornDebrisFungicide,,MEA+Tet+Strepto,yes-pt1,OTU4,4,Contig4,undetermined
,C13-1-4,C-103-L1-T1,2022.10.21,JAB,CornDebrisFungicide,,MEA+Tet+Strepto,yes-pt1,OTU4,4,Contig4,undetermined
,C14-1-2,C-104-L1-T1,2022.10.21,JAB,CornDebrisFungicide,,MEA+Tet+Strepto,yes-pt1,OTU4,4,Contig4,undetermined
,C14-1-6,C-104-L1-T1,2022.10.21,JAB,CornDebrisFungicide,,MEA+Tet+Strepto,yes-pt1,OTU4,4,Contig4,undetermined
,C27-1-10,C-207-L1-T1,2022.10.21,JAB,CornDebrisFungicide,,MEA+Tet+Strepto,yes-pt1,OTU4,4,Contig4,undetermined
,C27-3-12,C-207-L3-T1,2022.10.21,JAB,CornDebrisFungicide,,MEA+Tet+Strepto,yes-pt1,OTU4,4,Contig4,undetermined
,C27-3-14,C-207-L3-T1,2022.10.21,JAB,CornDebrisFungicide,,MEA+Tet+Strepto,yes-pt1,OTU4,4,Contig4,undetermined
,C27-3-17,C-207-L3-T1,2022.10.21,JAB,CornDebrisFungicide,,MEA+Tet+Strepto,yes-pt1,OTU4,4,Contig4,undetermined
,C28-1-10,C-208-L1-T1,2022.10.24,JAB,CornDebrisFungicide,,MEA+Tet+Strepto,yes-pt1,OTU4,4,Contig4,undetermined
,C28-1-23,C-208-L1-T1,2022.10.24,JAB,CornDebrisFungicide,,MEA+Tet+Strepto,yes-pt1,OTU4,4,Contig4,undetermined
,C28-2-10,C-208-L2-T1,2022.10.24,JAB,CornDebrisFungicide,,MEA+Tet+Strepto,yes-pt1,OTU4,4,Contig4,undetermined
,C33-1-19,C-303-L1-T1,2022.10.26,JAB,CornDebrisFungicide,,MEA+Tet+Strepto,yes-pt1,OTU4,4,Contig4,undetermined
,C33-1-7,C-303-L1-T1,2022.10.26,JAB,CornDebrisFungicide,,MEA+Tet+Strepto,yes-pt1,OTU4,4,Contig4,undetermined
,C33-2-10,C-303-L2-T1,2022.10.26,JAB,CornDebrisFungicide,,MEA+Tet+Strepto,yes-pt3,OTU4,4,Contig4,undetermined
,C33-2-5,C-303-L2-T1,2022.10.26,JAB,CornDebrisFungicide,,MEA+Tet+Strepto,yes-pt3,OTU4,4,Contig4,undetermined
,C33-3-14,C-303-L3-T1,2022.10.26,JAB,CornDebrisFungicide,,MEA+Tet+Strepto,yes-pt1,OTU4,4,Contig4,undetermined
,C33-3-22,C-303-L3-T1,2022.10.26,JAB,CornDebrisFungicide,,MEA+Tet+Strepto,yes-pt1,OTU4,4,Contig4,undetermined
,C33-3-24,C-303-L3-T1,2022.10.26,JAB,CornDebrisFungicide,,MEA+Tet+Strepto,yes-pt1,OTU4,4,Contig4,undetermined
,C33-3-3,C-303-L3-T1,2022.10.26,JAB,CornDebrisFungicide,,MEA+Tet+Strepto,yes-pt1,OTU4,4,Contig4,undetermined
,C33-3-4,C-303-L3-T1,2022.10.26,JAB,CornDebrisFungicide,,MEA+Tet+Strepto,yes-pt1,OTU4,4,Contig4,undetermined
,C37-3-10,C-307-L3-T1,2022.10.26,JAB,CornDebrisFungicide,,MEA+Tet+Strepto,yes-pt1,OTU4,4,Contig4,undetermined
,C37-3-11,C-307-L3-T1,2022.10.26,JAB,CornDebrisFungicide,,MEA+Tet+Strepto,yes-pt1,OTU4,4,Contig4,undetermined
,G13-1-4,G-103-L1-T1,2022.10.26,JAB,CornDebrisFungicide,,MEA+Tet+Strepto,yes-pt1,OTU4,4,Contig4,undetermined
,G13-2-1,G-103-L2-T1,2022.10.26,JAB,CornDebrisFungicide,,MEA+Tet+Strepto,yes-pt1,OTU4,4,Contig4,undetermined
,G14-1-9,G-104-L1-T1,2022.10.27,JAB,CornDebrisFungicide,,MEA+Tet+Strepto,yes-pt1,OTU4,4,Contig4,undetermined
,G14-2-6,G-104-L2-T1,2022.10.27,JAB,CornDebrisFungicide,,MEA+Tet+Strepto,yes-pt1,OTU4,4,Contig4,undetermined
,G33-1-10,G-303-L1-T1,2022.10.27,JAB,CornDebrisFungicide,,MEA+Tet+Strepto,yes-pt1,OTU4,4,Contig4,undetermined
,G33-1-13,G-303-L1-T1,2022.10.27,JAB,CornDebrisFungicide,,MEA+Tet+Strepto,yes-pt3,OTU4,4,Contig4,undetermined
,G33-1-15,G-303-L1-T1,2022.10.27,JAB,CornDebrisFungicide,,MEA+Tet+Strepto,yes-pt3,OTU4,4,Contig4,undetermined
,G33-1-17,G-303-L1-T1,2022.10.27,JAB,CornDebrisFungicide,,MEA+Tet+Strepto,yes-pt3,OTU4,4,Contig4,undetermined
,G33-1-21,G-303-L1-T1,2022.10.27,JAB,CornDebrisFungicide,,MEA+Tet+Strepto,yes-pt2,OTU4,4,Contig4,undetermined
,G33-1-4,G-303-L1-T1,2022.10.27,JAB,CornDebrisFungicide,,MEA+Tet+Strepto,yes-pt1,OTU4,4,Contig4,undetermined
,G33-2-4,G-303-L2-T1,2022.10.27,JAB,CornDebrisFungicide,,MEA+Tet+Strepto,yes-pt2,OTU4,4,Contig4,undetermined
,G33-3-5,G-303-L3-T1,2022.10.27,JAB,CornDebrisFungicide,,MEA+Tet+Strepto,yes-pt3,OTU4,4,Contig4,undetermined
,G37-3-11,G-307-L3-T1,2022.10.27,JAB,CornDebrisFungicide,,MEA+Tet+Strepto,yes-pt3,OTU4,4,Contig4,undetermined
,G37-3-7,G-307-L3-T1,2022.10.27,JAB,CornDebrisFungicide,,MEA+Tet+Strepto,yes-pt2,OTU4,4,Contig4,undetermined
,C13-1-5,C-103-L1-T1,2022.10.21,JAB,CornDebrisFungicide,,MEA+Tet+Strepto,yes-pt1,OTU5,5,Contig5,undetermined
,C13-3-3,C-103-L3-T1,2022.10.21,JAB,CornDebrisFungicide,,MEA+Tet+Strepto,yes-pt2,OTU5,5,Contig5,undetermined
,C28-2-20,C-208-L2-T1,2022.10.24,JAB,CornDebrisFungicide,,MEA+Tet+Strepto,yes-pt3,OTU5,5,Contig5,undetermined
,C33-1-3,C-303-L1-T1,2022.10.26,JAB,CornDebrisFungicide,,MEA+Tet+Strepto,yes-pt1,OTU5,5,Contig5,undetermined
,C33-2-13,C-303-L2-T1,2022.10.26,JAB,CornDebrisFungicide,,MEA+Tet+Strepto,yes-pt1,OTU5,5,Contig5,undetermined
,C33-2-7,C-303-L2-T1,2022.10.26,JAB,CornDebrisFungicide,,MEA+Tet+Strepto,yes-pt1,OTU5,5,Contig5,undetermined
,C37-1-11,C-307-L1-T1,2022.10.26,JAB,CornDebrisFungicide,,MEA+Tet+Strepto,yes-pt1,OTU5,5,Contig5,undetermined
,C37-1-3,C-307-L1-T1,2022.10.26,JAB,CornDebrisFungicide,,MEA+Tet+Strepto,yes-pt1,OTU5,5,Contig5,undetermined
,C37-1-7,C-307-L1-T1,2022.10.26,JAB,CornDebrisFungicide,,MEA+Tet+Strepto,yes-pt2,OTU5,5,Contig5,undetermined
,C37-2-14,C-307-L2-T1,2022.10.26,JAB,CornDebrisFungicide,,MEA+Tet+Strepto,yes-pt1,OTU5,5,Contig5,undetermined
,C37-2-3,C-307-L2-T1,2022.10.26,JAB,CornDebrisFungicide,,MEA+Tet+Strepto,yes-pt1,OTU5,5,Contig5,undetermined
,G27-1-6,G-207-L1-T1,2022.10.27,JAB,CornDebrisFungicide,,MEA+Tet+Strepto,yes-pt3,OTU5,5,Contig5,undetermined
,C13-1-8,C-103-L1-T1,2022.10.21,JAB,CornDebrisFungicide,,MEA+Tet+Strepto,yes-pt1,OTU6,6,Contig6,Alternaria
,C28-1-9,C-208-L1-T1,2022.10.24,JAB,CornDebrisFungicide,,MEA+Tet+Strepto,yes-pt1,OTU6,6,Contig6,Alternaria
,C28-2-14,C-208-L2-T1,2022.10.24,JAB,CornDebrisFungicide,,MEA+Tet+Strepto,yes-pt1,OTU6,6,Contig6,Alternaria
,G13-1-9,G-103-L1-T1,2022.10.26,JAB,CornDebrisFungicide,,MEA+Tet+Strepto,yes-pt1,OTU6,6,Contig6,Alternaria
,G27-1-4,G-207-L1-T1,2022.10.27,JAB,CornDebrisFungicide,,MEA+Tet+Strepto,yes-pt1,OTU6,6,Contig6,Alternaria
,G37-2-8,G-307-L2-T1,2022.10.27,JAB,CornDebrisFungicide,,MEA+Tet+Strepto,yes-pt2,OTU6,6,Contig6,Alternaria
,C14-2-10,C-104-L2-T1,2022.10.21,JAB,CornDebrisFungicide,,MEA+Tet+Strepto,yes-pt1,OTU7,7,Contig7,Cladosporium
,C28-1-15,C-208-L1-T1,2022.10.24,JAB,CornDebrisFungicide,,MEA+Tet+Strepto,yes-pt1,OTU7,7,Contig7,Cladosporium
,C33-1-13,C-303-L1-T1,2022.10.26,JAB,CornDebrisFungicide,,MEA+Tet+Strepto,yes-pt1,OTU7,7,Contig7,Cladosporium
,C37-1-25,C-307-L1-T1,2022.10.26,JAB,CornDebrisFungicide,,MEA+Tet+Strepto,yes-pt1,OTU7,7,Contig7,Cladosporium
,G14-1-3,G-104-L1-T1,2022.10.27,JAB,CornDebrisFungicide,,MEA+Tet+Strepto,yes-pt1,OTU7,7,Contig7,Cladosporium
,C27-3-8,C-207-L3-T1,2022.10.21,JAB,CornDebrisFungicide,,MEA+Tet+Strepto,yes-pt3,OTU8,8,Contig8,undetermined
,C28-1-11,C-208-L1-T1,2022.10.24,JAB,CornDebrisFungicide,,MEA+Tet+Strepto,yes-pt1,OTU8,8,Contig8,undetermined
,C28-2-23,C-208-L2-T1,2022.10.24,JAB,CornDebrisFungicide,,MEA+Tet+Strepto,yes-pt1,OTU8,8,Contig8,undetermined
,C33-3-2,C-303-L3-T1,2022.10.26,JAB,CornDebrisFungicide,,MEA+Tet+Strepto,yes-pt1,OTU8,8,Contig8,undetermined
,G33-3-3,G-303-L3-T1,2022.10.27,JAB,CornDebrisFungicide,,MEA+Tet+Strepto,yes-pt2,OTU8,8,Contig8,undetermined
,C28-3-5,C-208-L3-T1,2022.10.24,JAB,CornDebrisFungicide,,MEA+Tet+Strepto,yes-pt1,OTU9,9,Contig9,Colletotrichum
,G28-2-5,G-208-L2-T1,2022.10.27,JAB,CornDebrisFungicide,,MEA+Tet+Strepto,yes-pt1,OTU9,9,Contig9,Colletotrichum
,G33-1-20,G-303-L1-T1,2022.10.27,JAB,CornDebrisFungicide,,MEA+Tet+Strepto,yes-pt3,OTU9,9,Contig9,Colletotrichum
,G33-1-6,G-303-L1-T1,2022.10.27,JAB,CornDebrisFungicide,,MEA+Tet+Strepto,yes-pt1,OTU9,9,Contig9,Colletotrichum
,G33-3-1,G-303-L3-T1,2022.10.27,JAB,CornDebrisFungicide,,MEA+Tet+Strepto,yes-pt3,OTU9,9,Contig9,Colletotrichum
,G13-1-1,G-103-L1-T1,2022.10.26,JAB,CornDebrisFungicide,,MEA+Tet+Strepto,yes-pt1,OTU26,26,G13-1-1,
,G13-1-2,G-103-L1-T1,2022.10.26,JAB,CornDebrisFungicide,,MEA+Tet+Strepto,yes-pt1,OTU27,27,G13-1-2,
,G13-2-6,G-103-L2-T1,2022.10.26,JAB,CornDebrisFungicide,,MEA+Tet+Strepto,yes-pt1,OTU28,28,G13-2-6,
,G28-2-1,G-208-L2-T1,2022.10.27,JAB,CornDebrisFungicide,,MEA+Tet+Strepto,yes-pt1,OTU29,29,G28-2-1,
,G28-3-4,G-208-L3-T1,2022.10.27,JAB,CornDebrisFungicide,,MEA+Tet+Strepto,yes-pt1,OTU30,30,G28-3-4,
,G28-3-5,G-208-L3-T1,2022.10.27,JAB,CornDebrisFungicide,,MEA+Tet+Strepto,yes-pt1,OTU31,31,G28-3-5,
,G33-2-8,G-303-L2-T1,2022.10.27,JAB,CornDebrisFungicide,,MEA+Tet+Strepto,yes-pt2,OTU32,32,G33-2-8,
